id,price_min,price_max,multiplier,created_at,updated_at
1,50,100,40000,2025-12-12 12:01:41,2025-12-12 12:01:41
2,100,150,40000,2025-12-12 12:01:41,2025-12-12 12:01:41
3,150,200,40000,2025-12-12 12:01:41,2025-12-12 12:01:41
4,200,250,40000,2025-12-12 12:01:41,2025-12-12 12:01:41
5,250,300,40000,2025-12-12 12:01:41,2025-12-12 12:01:41
6,300,350,40000,2025-12-12 12:01:41,2025-12-12 12:01:41
7,350,400,40000,2025-12-12 12:01:41,2025-12-12 12:01:41
8,400,450,40000,2025-12-12 12:01:41,2025-12-12 12:01:41
9,450,500,38000,2025-12-12 12:01:41,2025-12-12 12:01:41
10,500,550,38000,2025-12-12 12:01:41,2025-12-12 12:01:41
11,550,600,36000,2025-12-12 12:01:41,2025-12-12 12:01:41
12,600,650,36000,2025-12-12 12:01:41,2025-12-12 12:01:41
13,650,700,35000,2025-12-12 12:01:41,2025-12-12 12:01:41
14,700,750,35000,2025-12-12 12:01:41,2025-12-12 12:01:41
15,750,800,33000,2025-12-12 12:01:41,2025-12-12 12:01:41
16,800,850,33000,2025-12-12 12:01:41,2025-12-12 12:01:41
17,850,900,33000,2025-12-12 12:01:41,2025-12-12 12:01:41
18,900,950,33000,2025-12-12 12:01:41,2025-12-12 12:01:41
19,950,1000,32000,2025-12-12 12:01:41,2025-12-12 12:01:41
20,1000,1050,32000,2025-12-12 12:01:41,2025-12-12 12:01:41
21,1050,1100,32000,2025-12-12 12:01:41,2025-12-12 12:01:41
22,1100,1150,32000,2025-12-12 12:01:41,2025-12-12 12:01:41
23,1150,1200,32000,2025-12-12 12:01:41,2025-12-12 12:01:41
24,1200,1250,32000,2025-12-12 12:01:41,2025-12-12 12:01:41
25,1250,1300,30000,2025-12-12 12:01:41,2025-12-12 12:01:41
26,1300,1350,30000,2025-12-12 12:01:41,2025-12-12 12:01:41
27,1350,1400,30000,2025-12-12 12:01:41,2025-12-12 12:01:41
28,1400,1450,30000,2025-12-12 12:01:41,2025-12-12 12:01:41
29,1450,1500,29000,2025-12-12 12:01:41,2025-12-12 12:01:41
30,1500,1550,29000,2025-12-12 12:01:41,2025-12-12 12:01:41
31,1550,1600,29000,2025-12-12 12:01:41,2025-12-12 12:01:41
32,1600,1650,29000,2025-12-12 12:01:41,2025-12-12 12:01:41
33,1650,1700,29000,2025-12-12 12:01:41,2025-12-12 12:01:41
34,1700,1750,29000,2025-12-12 12:01:41,2025-12-12 12:01:41
35,1750,1800,29000,2025-12-12 12:01:41,2025-12-12 12:01:41
36,1800,1850,29000,2025-12-12 12:01:41,2025-12-12 12:01:41
37,1850,1900,29000,2025-12-12 12:01:41,2025-12-12 12:01:41
38,1900,1950,29000,2025-12-12 12:01:41,2025-12-12 12:01:41
39,1950,2000,28000,2025-12-12 12:01:41,2025-12-12 12:01:41
40,2000,2050,28000,2025-12-12 12:01:41,2025-12-12 12:01:41
41,2050,2100,28000,2025-12-12 12:01:41,2025-12-12 12:01:41
42,2100,2150,28000,2025-12-12 12:01:41,2025-12-12 12:01:41
43,2150,2200,28000,2025-12-12 12:01:41,2025-12-12 12:01:41
44,2200,2250,28000,2025-12-12 12:01:41,2025-12-12 12:01:41
45,2250,2300,28000,2025-12-12 12:01:41,2025-12-12 12:01:41
46,2300,2350,28000,2025-12-12 12:01:41,2025-12-12 12:01:41
47,2350,2400,28000,2025-12-12 12:01:41,2025-12-12 12:01:41
48,2400,2450,28000,2025-12-12 12:01:41,2025-12-12 12:01:41
49,2450,2500,28000,2025-12-12 12:01:41,2025-12-12 12:01:41
50,2500,2550,28000,2025-12-12 12:01:41,2025-12-12 12:01:41
51,2550,2600,28000,2025-12-12 12:01:41,2025-12-12 12:01:41
52,2600,2650,28000,2025-12-12 12:01:41,2025-12-12 12:01:41
53,2650,2700,28000,2025-12-12 12:01:41,2025-12-12 12:01:41
54,2700,2750,28000,2025-12-12 12:01:41,2025-12-12 12:01:41
55,2750,2800,28000,2025-12-12 12:01:41,2025-12-12 12:01:41
56,2800,2850,28000,2025-12-12 12:01:41,2025-12-12 12:01:41
57,2850,2900,28000,2025-12-12 12:01:41,2025-12-12 12:01:41
58,2900,2950,28000,2025-12-12 12:01:41,2025-12-12 12:01:41
59,2950,3000,28000,2025-12-12 12:01:41,2025-12-12 12:01:41
60,3000,3050,28000,2025-12-12 12:01:41,2025-12-12 12:01:41
61,3050,3100,27000,2025-12-12 12:01:41,2025-12-12 12:01:41
62,3100,3150,27000,2025-12-12 12:01:41,2025-12-12 12:01:41
63,3150,3200,27000,2025-12-12 12:01:41,2025-12-12 12:01:41
64,3200,3250,27000,2025-12-12 12:01:41,2025-12-12 12:01:41
65,3250,3300,27000,2025-12-12 12:01:41,2025-12-12 12:01:41
66,3300,3350,27000,2025-12-12 12:01:41,2025-12-12 12:01:41
67,3350,3400,27000,2025-12-12 12:01:41,2025-12-12 12:01:41
68,3400,3450,27000,2025-12-12 12:01:41,2025-12-12 12:01:41
69,3450,3500,27000,2025-12-12 12:01:41,2025-12-12 12:01:41
70,3500,3550,27000,2025-12-12 12:01:41,2025-12-12 12:01:41
71,3550,3600,27000,2025-12-12 12:01:41,2025-12-12 12:01:41
72,3600,3650,27000,2025-12-12 12:01:41,2025-12-12 12:01:41
73,3650,3700,27000,2025-12-12 12:01:41,2025-12-12 12:01:41
74,3700,3750,27000,2025-12-12 12:01:41,2025-12-12 12:01:41
75,3750,3800,27000,2025-12-12 12:01:41,2025-12-12 12:01:41
76,3800,3850,27000,2025-12-12 12:01:41,2025-12-12 12:01:41
77,3850,3900,27000,2025-12-12 12:01:41,2025-12-12 12:01:41
78,3900,3950,27000,2025-12-12 12:01:41,2025-12-12 12:01:41
79,3950,4000,27000,2025-12-12 12:01:41,2025-12-12 12:01:41
80,4000,4050,27000,2025-12-12 12:01:41,2025-12-12 12:01:41
81,4050,4100,27000,2025-12-12 12:01:41,2025-12-12 12:01:41
82,4100,4150,27000,2025-12-12 12:01:41,2025-12-12 12:01:41
83,4150,4200,27000,2025-12-12 12:01:41,2025-12-12 12:01:41
84,4200,4250,27000,2025-12-12 12:01:41,2025-12-12 12:01:41
85,4250,4300,27000,2025-12-12 12:01:41,2025-12-12 12:01:41
86,4300,4350,27000,2025-12-12 12:01:41,2025-12-12 12:01:41
87,4350,4400,27000,2025-12-12 12:01:41,2025-12-12 12:01:41
88,4400,4450,27000,2025-12-12 12:01:41,2025-12-12 12:01:41
89,4450,4500,26000,2025-12-12 12:01:41,2025-12-12 12:01:41
90,4500,4550,26000,2025-12-12 12:01:41,2025-12-12 12:01:41
91,4550,4600,26000,2025-12-12 12:01:41,2025-12-12 12:01:41
92,4600,4650,26000,2025-12-12 12:01:41,2025-12-12 12:01:41
93,4650,4700,26000,2025-12-12 12:01:41,2025-12-12 12:01:41
94,4700,4750,26000,2025-12-12 12:01:41,2025-12-12 12:01:41
95,4750,4800,26000,2025-12-12 12:01:41,2025-12-12 12:01:41
96,4800,4850,26000,2025-12-12 12:01:41,2025-12-12 12:01:41
97,4850,4900,26000,2025-12-12 12:01:41,2025-12-12 12:01:41
98,4900,4950,26000,2025-12-12 12:01:41,2025-12-12 12:01:41
99,4950,5000,26000,2025-12-12 12:01:41,2025-12-12 12:01:41
100,5000,5050,26000,2025-12-12 12:01:41,2025-12-12 12:01:41
101,5050,5100,26000,2025-12-12 12:01:41,2025-12-12 12:01:41
102,5100,5150,26000,2025-12-12 12:01:41,2025-12-12 12:01:41
103,5150,5200,26000,2025-12-12 12:01:41,2025-12-12 12:01:41
104,5200,5250,26000,2025-12-12 12:01:41,2025-12-12 12:01:41
105,5250,5300,26000,2025-12-12 12:01:41,2025-12-12 12:01:41
106,5300,5350,26000,2025-12-12 12:01:41,2025-12-12 12:01:41
107,5350,5400,26000,2025-12-12 12:01:41,2025-12-12 12:01:41
108,5400,5450,26000,2025-12-12 12:01:41,2025-12-12 12:01:41
109,5450,5500,26000,2025-12-12 12:01:41,2025-12-12 12:01:41
110,5500,5550,26000,2025-12-12 12:01:41,2025-12-12 12:01:41
111,5550,5600,26000,2025-12-12 12:01:41,2025-12-12 12:01:41
112,5600,5650,26000,2025-12-12 12:01:41,2025-12-12 12:01:41
113,5650,5700,26000,2025-12-12 12:01:41,2025-12-12 12:01:41
114,5700,5750,26000,2025-12-12 12:01:41,2025-12-12 12:01:41
115,5750,5800,26000,2025-12-12 12:01:41,2025-12-12 12:01:41
116,5800,5850,26000,2025-12-12 12:01:41,2025-12-12 12:01:41
117,5850,5900,26000,2025-12-12 12:01:41,2025-12-12 12:01:41
118,5900,5950,26000,2025-12-12 12:01:41,2025-12-12 12:01:41
119,5950,6000,26000,2025-12-12 12:01:41,2025-12-12 12:01:41
120,6000,6050,26000,2025-12-12 12:01:41,2025-12-12 12:01:41
121,6050,6100,26000,2025-12-12 12:01:41,2025-12-12 12:01:41
122,6100,6150,26000,2025-12-12 12:01:41,2025-12-12 12:01:41
123,6150,6200,26000,2025-12-12 12:01:41,2025-12-12 12:01:41
124,6200,6250,26000,2025-12-12 12:01:41,2025-12-12 12:01:41
125,6250,6300,26000,2025-12-12 12:01:41,2025-12-12 12:01:41
126,6300,6350,26000,2025-12-12 12:01:41,2025-12-12 12:01:41
127,6350,6400,26000,2025-12-12 12:01:41,2025-12-12 12:01:41
128,6400,6450,26000,2025-12-12 12:01:41,2025-12-12 12:01:41
129,6450,6500,26000,2025-12-12 12:01:41,2025-12-12 12:01:41
130,6500,6550,26000,2025-12-12 12:01:41,2025-12-12 12:01:41
131,6550,6600,26000,2025-12-12 12:01:41,2025-12-12 12:01:41
132,6600,6650,26000,2025-12-12 12:01:41,2025-12-12 12:01:41
133,6650,6700,26000,2025-12-12 12:01:41,2025-12-12 12:01:41
134,6700,6750,26000,2025-12-12 12:01:41,2025-12-12 12:01:41
135,6750,6800,26000,2025-12-12 12:01:41,2025-12-12 12:01:41
136,6800,6850,26000,2025-12-12 12:01:41,2025-12-12 12:01:41
137,6850,6900,26000,2025-12-12 12:01:41,2025-12-12 12:01:41
138,6900,6950,26000,2025-12-12 12:01:41,2025-12-12 12:01:41
139,6950,7000,26000,2025-12-12 12:01:41,2025-12-12 12:01:41
140,7000,7050,26000,2025-12-12 12:01:41,2025-12-12 12:01:41
141,7050,7100,26000,2025-12-12 12:01:41,2025-12-12 12:01:41
142,7100,7150,26000,2025-12-12 12:01:41,2025-12-12 12:01:41
143,7150,7200,26000,2025-12-12 12:01:41,2025-12-12 12:01:41
144,7200,7250,26000,2025-12-12 12:01:41,2025-12-12 12:01:41
145,7250,7300,26000,2025-12-12 12:01:41,2025-12-12 12:01:41
146,7300,7350,26000,2025-12-12 12:01:41,2025-12-12 12:01:41
147,7350,7400,26000,2025-12-12 12:01:41,2025-12-12 12:01:41
148,7400,7450,26000,2025-12-12 12:01:41,2025-12-12 12:01:41
149,7450,7500,26000,2025-12-12 12:01:41,2025-12-12 12:01:41
150,7500,7550,26000,2025-12-12 12:01:41,2025-12-12 12:01:41
151,7550,7600,26000,2025-12-12 12:01:41,2025-12-12 12:01:41
152,7600,7650,26000,2025-12-12 12:01:41,2025-12-12 12:01:41
153,7650,7700,26000,2025-12-12 12:01:41,2025-12-12 12:01:41
154,7700,7750,26000,2025-12-12 12:01:41,2025-12-12 12:01:41
155,7750,7800,26000,2025-12-12 12:01:41,2025-12-12 12:01:41
156,7800,7850,26000,2025-12-12 12:01:41,2025-12-12 12:01:41
157,7850,7900,26000,2025-12-12 12:01:41,2025-12-12 12:01:41
158,7900,7950,26000,2025-12-12 12:01:41,2025-12-12 12:01:41
159,7950,8000,26000,2025-12-12 12:01:41,2025-12-12 12:01:41
160,8000,8050,26000,2025-12-12 12:01:41,2025-12-12 12:01:41
161,8050,8100,26000,2025-12-12 12:01:41,2025-12-12 12:01:41
162,8100,8150,26000,2025-12-12 12:01:41,2025-12-12 12:01:41
163,8150,8200,26000,2025-12-12 12:01:41,2025-12-12 12:01:41
164,8200,8250,26000,2025-12-12 12:01:41,2025-12-12 12:01:41
165,8250,8300,26000,2025-12-12 12:01:41,2025-12-12 12:01:41
166,8300,8350,26000,2025-12-12 12:01:41,2025-12-12 12:01:41
167,8350,8400,26000,2025-12-12 12:01:41,2025-12-12 12:01:41
168,8400,8450,26000,2025-12-12 12:01:41,2025-12-12 12:01:41
169,8450,8500,26000,2025-12-12 12:01:41,2025-12-12 12:01:41
170,8500,8550,26000,2025-12-12 12:01:41,2025-12-12 12:01:41
171,8550,8600,26000,2025-12-12 12:01:41,2025-12-12 12:01:41
172,8600,8650,26000,2025-12-12 12:01:41,2025-12-12 12:01:41
173,8650,8700,26000,2025-12-12 12:01:41,2025-12-12 12:01:41
174,8700,8750,26000,2025-12-12 12:01:41,2025-12-12 12:01:41
175,8750,8800,26000,2025-12-12 12:01:41,2025-12-12 12:01:41
176,8800,8850,26000,2025-12-12 12:01:41,2025-12-12 12:01:41
177,8850,8900,26000,2025-12-12 12:01:41,2025-12-12 12:01:41
178,8900,8950,26000,2025-12-12 12:01:41,2025-12-12 12:01:41
179,8950,9000,26000,2025-12-12 12:01:41,2025-12-12 12:01:41
180,9000,9050,26000,2025-12-12 12:01:41,2025-12-12 12:01:41
181,9050,9100,26000,2025-12-12 12:01:41,2025-12-12 12:01:41
182,9100,9150,26000,2025-12-12 12:01:41,2025-12-12 12:01:41
183,9150,9200,26000,2025-12-12 12:01:41,2025-12-12 12:01:41
184,9200,9250,26000,2025-12-12 12:01:41,2025-12-12 12:01:41
185,9250,9300,26000,2025-12-12 12:01:41,2025-12-12 12:01:41
186,9300,9350,26000,2025-12-12 12:01:41,2025-12-12 12:01:41
187,9350,9400,26000,2025-12-12 12:01:41,2025-12-12 12:01:41
188,9400,9450,26000,2025-12-12 12:01:41,2025-12-12 12:01:41
189,9450,9500,26000,2025-12-12 12:01:41,2025-12-12 12:01:41
190,9500,9550,26000,2025-12-12 12:01:41,2025-12-12 12:01:41
191,9550,9600,26000,2025-12-12 12:01:41,2025-12-12 12:01:41
192,9600,9650,26000,2025-12-12 12:01:41,2025-12-12 12:01:41
193,9650,9700,26000,2025-12-12 12:01:41,2025-12-12 12:01:41
194,9700,9750,26000,2025-12-12 12:01:41,2025-12-12 12:01:41
195,9750,9800,26000,2025-12-12 12:01:41,2025-12-12 12:01:41
196,9800,9850,26000,2025-12-12 12:01:41,2025-12-12 12:01:41
197,9850,9900,26000,2025-12-12 12:01:41,2025-12-12 12:01:41
198,9900,9950,26000,2025-12-12 12:01:41,2025-12-12 12:01:41
199,9950,10000,26000,2025-12-12 12:01:41,2025-12-12 12:01:41
200,10000,10050,26000,2025-12-12 12:01:41,2025-12-12 12:01:41
201,10050,10100,26000,2025-12-12 12:01:41,2025-12-12 12:01:41
202,10100,10150,26000,2025-12-12 12:01:41,2025-12-12 12:01:41
203,10150,10200,26000,2025-12-12 12:01:41,2025-12-12 12:01:41
204,10200,10250,26000,2025-12-12 12:01:41,2025-12-12 12:01:41
205,10250,10300,26000,2025-12-12 12:01:41,2025-12-12 12:01:41
206,10300,10350,26000,2025-12-12 12:01:41,2025-12-12 12:01:41
207,10350,10400,26000,2025-12-12 12:01:41,2025-12-12 12:01:41
208,10400,10450,26000,2025-12-12 12:01:41,2025-12-12 12:01:41
209,10450,10500,26000,2025-12-12 12:01:41,2025-12-12 12:01:41
210,10500,10550,26000,2025-12-12 12:01:41,2025-12-12 12:01:41
211,10550,10600,26000,2025-12-12 12:01:41,2025-12-12 12:01:41
212,10600,10650,26000,2025-12-12 12:01:41,2025-12-12 12:01:41
213,10650,10700,26000,2025-12-12 12:01:41,2025-12-12 12:01:41
214,10700,10750,26000,2025-12-12 12:01:41,2025-12-12 12:01:41
215,10750,10800,26000,2025-12-12 12:01:41,2025-12-12 12:01:41
216,10800,10850,26000,2025-12-12 12:01:41,2025-12-12 12:01:41
217,10850,10900,26000,2025-12-12 12:01:41,2025-12-12 12:01:41
218,10900,10950,26000,2025-12-12 12:01:41,2025-12-12 12:01:41
219,10950,11000,26000,2025-12-12 12:01:41,2025-12-12 12:01:41
220,11000,11050,26000,2025-12-12 12:01:41,2025-12-12 12:01:41
221,11050,11100,26000,2025-12-12 12:01:41,2025-12-12 12:01:41
222,11100,11150,26000,2025-12-12 12:01:41,2025-12-12 12:01:41
223,11150,11200,26000,2025-12-12 12:01:41,2025-12-12 12:01:41
224,11200,11250,26000,2025-12-12 12:01:41,2025-12-12 12:01:41
225,11250,11300,26000,2025-12-12 12:01:41,2025-12-12 12:01:41
226,11300,11350,26000,2025-12-12 12:01:41,2025-12-12 12:01:41
227,11350,11400,26000,2025-12-12 12:01:41,2025-12-12 12:01:41
228,11400,11450,26000,2025-12-12 12:01:41,2025-12-12 12:01:41
229,11450,11500,26000,2025-12-12 12:01:41,2025-12-12 12:01:41
230,11500,11550,26000,2025-12-12 12:01:41,2025-12-12 12:01:41
231,11550,11600,26000,2025-12-12 12:01:41,2025-12-12 12:01:41
232,11600,11650,26000,2025-12-12 12:01:41,2025-12-12 12:01:41
233,11650,11700,26000,2025-12-12 12:01:41,2025-12-12 12:01:41
234,11700,11750,26000,2025-12-12 12:01:41,2025-12-12 12:01:41
235,11750,11800,26000,2025-12-12 12:01:41,2025-12-12 12:01:41
236,11800,11850,26000,2025-12-12 12:01:41,2025-12-12 12:01:41
237,11850,11900,26000,2025-12-12 12:01:41,2025-12-12 12:01:41
238,11900,11950,26000,2025-12-12 12:01:41,2025-12-12 12:01:41
239,11950,12000,26000,2025-12-12 12:01:41,2025-12-12 12:01:41
240,12000,12050,26000,2025-12-12 12:01:41,2025-12-12 12:01:41
241,12050,12100,26000,2025-12-12 12:01:41,2025-12-12 12:01:41
242,12100,12150,26000,2025-12-12 12:01:41,2025-12-12 12:01:41
243,12150,12200,26000,2025-12-12 12:01:41,2025-12-12 12:01:41
244,12200,12250,26000,2025-12-12 12:01:41,2025-12-12 12:01:41
245,12250,12300,26000,2025-12-12 12:01:41,2025-12-12 12:01:41
246,12300,12350,26000,2025-12-12 12:01:41,2025-12-12 12:01:41
247,12350,12400,26000,2025-12-12 12:01:41,2025-12-12 12:01:41
248,12400,12450,26000,2025-12-12 12:01:41,2025-12-12 12:01:41
249,12450,12500,26000,2025-12-12 12:01:41,2025-12-12 12:01:41
250,12500,12550,26000,2025-12-12 12:01:41,2025-12-12 12:01:41
251,12550,12600,26000,2025-12-12 12:01:41,2025-12-12 12:01:41
252,12600,12650,26000,2025-12-12 12:01:41,2025-12-12 12:01:41
253,12650,12700,26000,2025-12-12 12:01:41,2025-12-12 12:01:41
254,12700,12750,26000,2025-12-12 12:01:41,2025-12-12 12:01:41
255,12750,12800,26000,2025-12-12 12:01:41,2025-12-12 12:01:41
256,12800,12850,26000,2025-12-12 12:01:41,2025-12-12 12:01:41
257,12850,12900,26000,2025-12-12 12:01:41,2025-12-12 12:01:41
258,12900,12950,26000,2025-12-12 12:01:41,2025-12-12 12:01:41
259,12950,13000,26000,2025-12-12 12:01:41,2025-12-12 12:01:41
260,13000,13050,26000,2025-12-12 12:01:41,2025-12-12 12:01:41
261,13050,13100,26000,2025-12-12 12:01:41,2025-12-12 12:01:41
262,13100,13150,26000,2025-12-12 12:01:41,2025-12-12 12:01:41
263,13150,13200,26000,2025-12-12 12:01:41,2025-12-12 12:01:41
264,13200,13250,26000,2025-12-12 12:01:41,2025-12-12 12:01:41
265,13250,13300,26000,2025-12-12 12:01:41,2025-12-12 12:01:41
266,13300,13350,26000,2025-12-12 12:01:41,2025-12-12 12:01:41
267,13350,13400,26000,2025-12-12 12:01:41,2025-12-12 12:01:41
268,13400,13450,26000,2025-12-12 12:01:41,2025-12-12 12:01:41
269,13450,13500,26000,2025-12-12 12:01:41,2025-12-12 12:01:41
270,13500,13550,26000,2025-12-12 12:01:41,2025-12-12 12:01:41
271,13550,13600,26000,2025-12-12 12:01:41,2025-12-12 12:01:41
272,13600,13650,26000,2025-12-12 12:01:41,2025-12-12 12:01:41
273,13650,13700,26000,2025-12-12 12:01:41,2025-12-12 12:01:41
274,13700,13750,26000,2025-12-12 12:01:41,2025-12-12 12:01:41
275,13750,13800,26000,2025-12-12 12:01:41,2025-12-12 12:01:41
276,13800,13850,26000,2025-12-12 12:01:41,2025-12-12 12:01:41
277,13850,13900,26000,2025-12-12 12:01:41,2025-12-12 12:01:41
278,13900,13950,26000,2025-12-12 12:01:41,2025-12-12 12:01:41
279,13950,14000,26000,2025-12-12 12:01:41,2025-12-12 12:01:41
280,14000,14050,26000,2025-12-12 12:01:41,2025-12-12 12:01:41
281,14050,14100,26000,2025-12-12 12:01:41,2025-12-12 12:01:41
282,14100,14150,26000,2025-12-12 12:01:41,2025-12-12 12:01:41
283,14150,14200,26000,2025-12-12 12:01:41,2025-12-12 12:01:41
284,14200,14250,26000,2025-12-12 12:01:41,2025-12-12 12:01:41
285,14250,14300,26000,2025-12-12 12:01:41,2025-12-12 12:01:41
286,14300,14350,26000,2025-12-12 12:01:41,2025-12-12 12:01:41
287,14350,14400,26000,2025-12-12 12:01:41,2025-12-12 12:01:41
288,14400,14450,26000,2025-12-12 12:01:41,2025-12-12 12:01:41
289,14450,14500,26000,2025-12-12 12:01:41,2025-12-12 12:01:41
290,14500,14550,26000,2025-12-12 12:01:41,2025-12-12 12:01:41
291,14550,14600,26000,2025-12-12 12:01:41,2025-12-12 12:01:41
292,14600,14650,26000,2025-12-12 12:01:41,2025-12-12 12:01:41
293,14650,14700,26000,2025-12-12 12:01:41,2025-12-12 12:01:41
294,14700,14750,26000,2025-12-12 12:01:41,2025-12-12 12:01:41
295,14750,14800,26000,2025-12-12 12:01:41,2025-12-12 12:01:41
296,14800,14850,26000,2025-12-12 12:01:41,2025-12-12 12:01:41
297,14850,14900,26000,2025-12-12 12:01:41,2025-12-12 12:01:41
298,14900,14950,26000,2025-12-12 12:01:41,2025-12-12 12:01:41
299,14950,15000,26000,2025-12-12 12:01:41,2025-12-12 12:01:41
300,15000,15050,26000,2025-12-12 12:01:41,2025-12-12 12:01:41
301,15050,15100,26000,2025-12-12 12:01:41,2025-12-12 12:01:41
302,15100,15150,26000,2025-12-12 12:01:41,2025-12-12 12:01:41
303,15150,15200,26000,2025-12-12 12:01:41,2025-12-12 12:01:41
304,15200,15250,26000,2025-12-12 12:01:41,2025-12-12 12:01:41
305,15250,15300,26000,2025-12-12 12:01:41,2025-12-12 12:01:41
306,15300,15350,26000,2025-12-12 12:01:41,2025-12-12 12:01:41
307,15350,15400,26000,2025-12-12 12:01:41,2025-12-12 12:01:41
308,15400,15450,26000,2025-12-12 12:01:41,2025-12-12 12:01:41
309,15450,15500,26000,2025-12-12 12:01:41,2025-12-12 12:01:41
310,15500,15550,26000,2025-12-12 12:01:41,2025-12-12 12:01:41
311,15550,15600,26000,2025-12-12 12:01:41,2025-12-12 12:01:41
312,15600,15650,26000,2025-12-12 12:01:41,2025-12-12 12:01:41
313,15650,15700,26000,2025-12-12 12:01:41,2025-12-12 12:01:41
314,15700,15750,26000,2025-12-12 12:01:41,2025-12-12 12:01:41
315,15750,15800,26000,2025-12-12 12:01:41,2025-12-12 12:01:41
316,15800,15850,26000,2025-12-12 12:01:41,2025-12-12 12:01:41
317,15850,15900,26000,2025-12-12 12:01:41,2025-12-12 12:01:41
318,15900,15950,26000,2025-12-12 12:01:41,2025-12-12 12:01:41
319,15950,16000,26000,2025-12-12 12:01:41,2025-12-12 12:01:41
320,16000,16050,26000,2025-12-12 12:01:41,2025-12-12 12:01:41
321,16050,16100,26000,2025-12-12 12:01:41,2025-12-12 12:01:41
322,16100,16150,26000,2025-12-12 12:01:41,2025-12-12 12:01:41
323,16150,16200,26000,2025-12-12 12:01:41,2025-12-12 12:01:41
324,16200,16250,26000,2025-12-12 12:01:41,2025-12-12 12:01:41
325,16250,16300,26000,2025-12-12 12:01:41,2025-12-12 12:01:41
326,16300,16350,26000,2025-12-12 12:01:41,2025-12-12 12:01:41
327,16350,16400,26000,2025-12-12 12:01:41,2025-12-12 12:01:41
328,16400,16450,26000,2025-12-12 12:01:41,2025-12-12 12:01:41
329,16450,16500,26000,2025-12-12 12:01:41,2025-12-12 12:01:41
330,16500,16550,26000,2025-12-12 12:01:41,2025-12-12 12:01:41
331,16550,16600,26000,2025-12-12 12:01:41,2025-12-12 12:01:41
332,16600,16650,26000,2025-12-12 12:01:41,2025-12-12 12:01:41
333,16650,16700,26000,2025-12-12 12:01:41,2025-12-12 12:01:41
334,16700,16750,26000,2025-12-12 12:01:41,2025-12-12 12:01:41
335,16750,16800,26000,2025-12-12 12:01:41,2025-12-12 12:01:41
336,16800,16850,26000,2025-12-12 12:01:41,2025-12-12 12:01:41
337,16850,16900,26000,2025-12-12 12:01:41,2025-12-12 12:01:41
338,16900,16950,26000,2025-12-12 12:01:41,2025-12-12 12:01:41
339,16950,17000,26000,2025-12-12 12:01:41,2025-12-12 12:01:41
340,17000,17050,26000,2025-12-12 12:01:41,2025-12-12 12:01:41
341,17050,17100,26000,2025-12-12 12:01:41,2025-12-12 12:01:41
342,17100,17150,26000,2025-12-12 12:01:41,2025-12-12 12:01:41
343,17150,17200,26000,2025-12-12 12:01:41,2025-12-12 12:01:41
344,17200,17250,26000,2025-12-12 12:01:41,2025-12-12 12:01:41
345,17250,17300,26000,2025-12-12 12:01:41,2025-12-12 12:01:41
346,17300,17350,26000,2025-12-12 12:01:41,2025-12-12 12:01:41
347,17350,17400,26000,2025-12-12 12:01:41,2025-12-12 12:01:41
348,17400,17450,26000,2025-12-12 12:01:41,2025-12-12 12:01:41
349,17450,17500,26000,2025-12-12 12:01:41,2025-12-12 12:01:41
350,17500,17550,26000,2025-12-12 12:01:41,2025-12-12 12:01:41
351,17550,17600,26000,2025-12-12 12:01:41,2025-12-12 12:01:41
352,17600,17650,26000,2025-12-12 12:01:41,2025-12-12 12:01:41
353,17650,17700,26000,2025-12-12 12:01:41,2025-12-12 12:01:41
354,17700,17750,26000,2025-12-12 12:01:41,2025-12-12 12:01:41
355,17750,17800,26000,2025-12-12 12:01:41,2025-12-12 12:01:41
356,17800,17850,26000,2025-12-12 12:01:41,2025-12-12 12:01:41
357,17850,17900,26000,2025-12-12 12:01:41,2025-12-12 12:01:41
358,17900,17950,26000,2025-12-12 12:01:41,2025-12-12 12:01:41
359,17950,18000,26000,2025-12-12 12:01:41,2025-12-12 12:01:41
360,18000,18050,26000,2025-12-12 12:01:41,2025-12-12 12:01:41
361,18050,18100,26000,2025-12-12 12:01:41,2025-12-12 12:01:41
362,18100,18150,26000,2025-12-12 12:01:41,2025-12-12 12:01:41
363,18150,18200,26000,2025-12-12 12:01:41,2025-12-12 12:01:41
364,18200,18250,26000,2025-12-12 12:01:41,2025-12-12 12:01:41
365,18250,18300,26000,2025-12-12 12:01:41,2025-12-12 12:01:41
366,18300,18350,26000,2025-12-12 12:01:41,2025-12-12 12:01:41
367,18350,18400,26000,2025-12-12 12:01:41,2025-12-12 12:01:41
368,18400,18450,26000,2025-12-12 12:01:41,2025-12-12 12:01:41
369,18450,18500,26000,2025-12-12 12:01:41,2025-12-12 12:01:41
370,18500,18550,26000,2025-12-12 12:01:41,2025-12-12 12:01:41
371,18550,18600,26000,2025-12-12 12:01:41,2025-12-12 12:01:41
372,18600,18650,26000,2025-12-12 12:01:41,2025-12-12 12:01:41
373,18650,18700,26000,2025-12-12 12:01:41,2025-12-12 12:01:41
374,18700,18750,26000,2025-12-12 12:01:41,2025-12-12 12:01:41
375,18750,18800,26000,2025-12-12 12:01:41,2025-12-12 12:01:41
376,18800,18850,26000,2025-12-12 12:01:41,2025-12-12 12:01:41
377,18850,18900,26000,2025-12-12 12:01:41,2025-12-12 12:01:41
378,18900,18950,26000,2025-12-12 12:01:41,2025-12-12 12:01:41
379,18950,19000,26000,2025-12-12 12:01:41,2025-12-12 12:01:41
380,19000,19050,26000,2025-12-12 12:01:41,2025-12-12 12:01:41
381,19050,19100,26000,2025-12-12 12:01:41,2025-12-12 12:01:41
382,19100,19150,26000,2025-12-12 12:01:41,2025-12-12 12:01:41
383,19150,19200,26000,2025-12-12 12:01:41,2025-12-12 12:01:41
384,19200,19250,26000,2025-12-12 12:01:41,2025-12-12 12:01:41
385,19250,19300,26000,2025-12-12 12:01:41,2025-12-12 12:01:41
386,19300,19350,26000,2025-12-12 12:01:41,2025-12-12 12:01:41
387,19350,19400,26000,2025-12-12 12:01:41,2025-12-12 12:01:41
388,19400,19450,26000,2025-12-12 12:01:41,2025-12-12 12:01:41
389,19450,19500,26000,2025-12-12 12:01:41,2025-12-12 12:01:41
390,19500,19550,26000,2025-12-12 12:01:41,2025-12-12 12:01:41
391,19550,19600,26000,2025-12-12 12:01:41,2025-12-12 12:01:41
392,19600,19650,26000,2025-12-12 12:01:41,2025-12-12 12:01:41
393,19650,19700,26000,2025-12-12 12:01:41,2025-12-12 12:01:41
394,19700,19750,26000,2025-12-12 12:01:41,2025-12-12 12:01:41
395,19750,19800,26000,2025-12-12 12:01:41,2025-12-12 12:01:41
396,19800,19850,26000,2025-12-12 12:01:41,2025-12-12 12:01:41
397,19850,19900,26000,2025-12-12 12:01:41,2025-12-12 12:01:41
398,19900,19950,26000,2025-12-12 12:01:41,2025-12-12 12:01:41
399,19950,20000,26000,2025-12-12 12:01:41,2025-12-12 12:01:41
400,20000,20050,26000,2025-12-12 12:01:41,2025-12-12 12:01:41
401,20050,20100,25000,2025-12-12 12:01:41,2025-12-12 12:01:41
402,20100,20150,25000,2025-12-12 12:01:41,2025-12-12 12:01:41
403,20150,20200,25000,2025-12-12 12:01:41,2025-12-12 12:01:41
404,20200,20250,25000,2025-12-12 12:01:41,2025-12-12 12:01:41
405,20250,20300,25000,2025-12-12 12:01:41,2025-12-12 12:01:41
406,20300,20350,25000,2025-12-12 12:01:41,2025-12-12 12:01:41
407,20350,20400,25000,2025-12-12 12:01:41,2025-12-12 12:01:41
408,20400,20450,25000,2025-12-12 12:01:41,2025-12-12 12:01:41
409,20450,20500,25000,2025-12-12 12:01:41,2025-12-12 12:01:41
410,20500,20550,25000,2025-12-12 12:01:41,2025-12-12 12:01:41
411,20550,20600,25000,2025-12-12 12:01:41,2025-12-12 12:01:41
412,20600,20650,25000,2025-12-12 12:01:41,2025-12-12 12:01:41
413,20650,20700,25000,2025-12-12 12:01:41,2025-12-12 12:01:41
414,20700,20750,25000,2025-12-12 12:01:41,2025-12-12 12:01:41
415,20750,20800,25000,2025-12-12 12:01:41,2025-12-12 12:01:41
416,20800,20850,25000,2025-12-12 12:01:41,2025-12-12 12:01:41
417,20850,20900,25000,2025-12-12 12:01:41,2025-12-12 12:01:41
418,20900,20950,25000,2025-12-12 12:01:41,2025-12-12 12:01:41
419,20950,21000,25000,2025-12-12 12:01:41,2025-12-12 12:01:41
420,21000,21050,25000,2025-12-12 12:01:41,2025-12-12 12:01:41
421,21050,21100,25000,2025-12-12 12:01:41,2025-12-12 12:01:41
422,21100,21150,25000,2025-12-12 12:01:41,2025-12-12 12:01:41
423,21150,21200,25000,2025-12-12 12:01:41,2025-12-12 12:01:41
424,21200,21250,25000,2025-12-12 12:01:41,2025-12-12 12:01:41
425,21250,21300,25000,2025-12-12 12:01:41,2025-12-12 12:01:41
426,21300,21350,25000,2025-12-12 12:01:41,2025-12-12 12:01:41
427,21350,21400,25000,2025-12-12 12:01:41,2025-12-12 12:01:41
428,21400,21450,25000,2025-12-12 12:01:41,2025-12-12 12:01:41
429,21450,21500,25000,2025-12-12 12:01:41,2025-12-12 12:01:41
430,21500,21550,25000,2025-12-12 12:01:41,2025-12-12 12:01:41
431,21550,21600,25000,2025-12-12 12:01:41,2025-12-12 12:01:41
432,21600,21650,25000,2025-12-12 12:01:41,2025-12-12 12:01:41
433,21650,21700,25000,2025-12-12 12:01:41,2025-12-12 12:01:41
434,21700,21750,25000,2025-12-12 12:01:41,2025-12-12 12:01:41
435,21750,21800,25000,2025-12-12 12:01:41,2025-12-12 12:01:41
436,21800,21850,25000,2025-12-12 12:01:41,2025-12-12 12:01:41
437,21850,21900,25000,2025-12-12 12:01:41,2025-12-12 12:01:41
438,21900,21950,25000,2025-12-12 12:01:41,2025-12-12 12:01:41
439,21950,22000,25000,2025-12-12 12:01:41,2025-12-12 12:01:41
440,22000,22050,25000,2025-12-12 12:01:41,2025-12-12 12:01:41
441,22050,22100,25000,2025-12-12 12:01:41,2025-12-12 12:01:41
442,22100,22150,25000,2025-12-12 12:01:41,2025-12-12 12:01:41
443,22150,22200,25000,2025-12-12 12:01:41,2025-12-12 12:01:41
444,22200,22250,25000,2025-12-12 12:01:41,2025-12-12 12:01:41
445,22250,22300,25000,2025-12-12 12:01:41,2025-12-12 12:01:41
446,22300,22350,25000,2025-12-12 12:01:41,2025-12-12 12:01:41
447,22350,22400,25000,2025-12-12 12:01:41,2025-12-12 12:01:41
448,22400,22450,25000,2025-12-12 12:01:41,2025-12-12 12:01:41
449,22450,22500,25000,2025-12-12 12:01:41,2025-12-12 12:01:41
450,22500,22550,25000,2025-12-12 12:01:41,2025-12-12 12:01:41
451,22550,22600,25000,2025-12-12 12:01:41,2025-12-12 12:01:41
452,22600,22650,25000,2025-12-12 12:01:41,2025-12-12 12:01:41
453,22650,22700,25000,2025-12-12 12:01:41,2025-12-12 12:01:41
454,22700,22750,25000,2025-12-12 12:01:41,2025-12-12 12:01:41
455,22750,22800,25000,2025-12-12 12:01:41,2025-12-12 12:01:41
456,22800,22850,25000,2025-12-12 12:01:41,2025-12-12 12:01:41
457,22850,22900,25000,2025-12-12 12:01:41,2025-12-12 12:01:41
458,22900,22950,25000,2025-12-12 12:01:41,2025-12-12 12:01:41
459,22950,23000,25000,2025-12-12 12:01:41,2025-12-12 12:01:41
460,23000,23050,25000,2025-12-12 12:01:41,2025-12-12 12:01:41
461,23050,23100,25000,2025-12-12 12:01:41,2025-12-12 12:01:41
462,23100,23150,25000,2025-12-12 12:01:41,2025-12-12 12:01:41
463,23150,23200,25000,2025-12-12 12:01:41,2025-12-12 12:01:41
464,23200,23250,25000,2025-12-12 12:01:41,2025-12-12 12:01:41
465,23250,23300,25000,2025-12-12 12:01:41,2025-12-12 12:01:41
466,23300,23350,25000,2025-12-12 12:01:41,2025-12-12 12:01:41
467,23350,23400,25000,2025-12-12 12:01:41,2025-12-12 12:01:41
468,23400,23450,25000,2025-12-12 12:01:41,2025-12-12 12:01:41
469,23450,23500,25000,2025-12-12 12:01:41,2025-12-12 12:01:41
470,23500,23550,25000,2025-12-12 12:01:41,2025-12-12 12:01:41
471,23550,23600,25000,2025-12-12 12:01:41,2025-12-12 12:01:41
472,23600,23650,25000,2025-12-12 12:01:41,2025-12-12 12:01:41
473,23650,23700,25000,2025-12-12 12:01:41,2025-12-12 12:01:41
474,23700,23750,25000,2025-12-12 12:01:41,2025-12-12 12:01:41
475,23750,23800,25000,2025-12-12 12:01:41,2025-12-12 12:01:41
476,23800,23850,25000,2025-12-12 12:01:41,2025-12-12 12:01:41
477,23850,23900,25000,2025-12-12 12:01:41,2025-12-12 12:01:41
478,23900,23950,25000,2025-12-12 12:01:41,2025-12-12 12:01:41
479,23950,24000,25000,2025-12-12 12:01:41,2025-12-12 12:01:41
480,24000,24050,25000,2025-12-12 12:01:41,2025-12-12 12:01:41
481,24050,24100,25000,2025-12-12 12:01:41,2025-12-12 12:01:41
482,24100,24150,25000,2025-12-12 12:01:41,2025-12-12 12:01:41
483,24150,24200,25000,2025-12-12 12:01:41,2025-12-12 12:01:41
484,24200,24250,25000,2025-12-12 12:01:41,2025-12-12 12:01:41
485,24250,24300,25000,2025-12-12 12:01:41,2025-12-12 12:01:41
486,24300,24350,25000,2025-12-12 12:01:41,2025-12-12 12:01:41
487,24350,24400,25000,2025-12-12 12:01:41,2025-12-12 12:01:41
488,24400,24450,25000,2025-12-12 12:01:41,2025-12-12 12:01:41
489,24450,24500,25000,2025-12-12 12:01:41,2025-12-12 12:01:41
490,24500,24550,25000,2025-12-12 12:01:41,2025-12-12 12:01:41
491,24550,24600,25000,2025-12-12 12:01:41,2025-12-12 12:01:41
492,24600,24650,25000,2025-12-12 12:01:41,2025-12-12 12:01:41
493,24650,24700,25000,2025-12-12 12:01:41,2025-12-12 12:01:41
494,24700,24750,25000,2025-12-12 12:01:41,2025-12-12 12:01:41
495,24750,24800,25000,2025-12-12 12:01:41,2025-12-12 12:01:41
496,24800,24850,25000,2025-12-12 12:01:41,2025-12-12 12:01:41
497,24850,24900,25000,2025-12-12 12:01:41,2025-12-12 12:01:41
498,24900,24950,25000,2025-12-12 12:01:41,2025-12-12 12:01:41
499,24950,25000,25000,2025-12-12 12:01:41,2025-12-12 12:01:41
500,25000,25050,25000,2025-12-12 12:01:41,2025-12-12 12:01:41
501,25050,25100,25000,2025-12-12 12:01:41,2025-12-12 12:01:41
502,25100,25150,25000,2025-12-12 12:01:41,2025-12-12 12:01:41
503,25150,25200,25000,2025-12-12 12:01:41,2025-12-12 12:01:41
504,25200,25250,25000,2025-12-12 12:01:41,2025-12-12 12:01:41
505,25250,25300,25000,2025-12-12 12:01:41,2025-12-12 12:01:41
506,25300,25350,25000,2025-12-12 12:01:41,2025-12-12 12:01:41
507,25350,25400,25000,2025-12-12 12:01:41,2025-12-12 12:01:41
508,25400,25450,25000,2025-12-12 12:01:41,2025-12-12 12:01:41
509,25450,25500,25000,2025-12-12 12:01:41,2025-12-12 12:01:41
510,25500,25550,25000,2025-12-12 12:01:41,2025-12-12 12:01:41
511,25550,25600,25000,2025-12-12 12:01:41,2025-12-12 12:01:41
512,25600,25650,25000,2025-12-12 12:01:41,2025-12-12 12:01:41
513,25650,25700,25000,2025-12-12 12:01:41,2025-12-12 12:01:41
514,25700,25750,25000,2025-12-12 12:01:41,2025-12-12 12:01:41
515,25750,25800,25000,2025-12-12 12:01:41,2025-12-12 12:01:41
516,25800,25850,25000,2025-12-12 12:01:41,2025-12-12 12:01:41
517,25850,25900,25000,2025-12-12 12:01:41,2025-12-12 12:01:41
518,25900,25950,25000,2025-12-12 12:01:41,2025-12-12 12:01:41
519,25950,26000,25000,2025-12-12 12:01:41,2025-12-12 12:01:41
520,26000,26050,25000,2025-12-12 12:01:41,2025-12-12 12:01:41
521,26050,26100,25000,2025-12-12 12:01:41,2025-12-12 12:01:41
522,26100,26150,25000,2025-12-12 12:01:41,2025-12-12 12:01:41
523,26150,26200,25000,2025-12-12 12:01:41,2025-12-12 12:01:41
524,26200,26250,25000,2025-12-12 12:01:41,2025-12-12 12:01:41
525,26250,26300,25000,2025-12-12 12:01:41,2025-12-12 12:01:41
526,26300,26350,25000,2025-12-12 12:01:41,2025-12-12 12:01:41
527,26350,26400,25000,2025-12-12 12:01:41,2025-12-12 12:01:41
528,26400,26450,25000,2025-12-12 12:01:41,2025-12-12 12:01:41
529,26450,26500,25000,2025-12-12 12:01:41,2025-12-12 12:01:41
530,26500,26550,25000,2025-12-12 12:01:41,2025-12-12 12:01:41
531,26550,26600,25000,2025-12-12 12:01:41,2025-12-12 12:01:41
532,26600,26650,25000,2025-12-12 12:01:41,2025-12-12 12:01:41
533,26650,26700,25000,2025-12-12 12:01:41,2025-12-12 12:01:41
534,26700,26750,25000,2025-12-12 12:01:41,2025-12-12 12:01:41
535,26750,26800,25000,2025-12-12 12:01:41,2025-12-12 12:01:41
536,26800,26850,25000,2025-12-12 12:01:41,2025-12-12 12:01:41
537,26850,26900,25000,2025-12-12 12:01:41,2025-12-12 12:01:41
538,26900,26950,25000,2025-12-12 12:01:41,2025-12-12 12:01:41
539,26950,27000,25000,2025-12-12 12:01:41,2025-12-12 12:01:41
540,27000,27050,25000,2025-12-12 12:01:41,2025-12-12 12:01:41
541,27050,27100,25000,2025-12-12 12:01:41,2025-12-12 12:01:41
542,27100,27150,25000,2025-12-12 12:01:41,2025-12-12 12:01:41
543,27150,27200,25000,2025-12-12 12:01:41,2025-12-12 12:01:41
544,27200,27250,25000,2025-12-12 12:01:41,2025-12-12 12:01:41
545,27250,27300,25000,2025-12-12 12:01:41,2025-12-12 12:01:41
546,27300,27350,25000,2025-12-12 12:01:41,2025-12-12 12:01:41
547,27350,27400,25000,2025-12-12 12:01:41,2025-12-12 12:01:41
548,27400,27450,25000,2025-12-12 12:01:41,2025-12-12 12:01:41
549,27450,27500,25000,2025-12-12 12:01:41,2025-12-12 12:01:41
550,27500,27550,25000,2025-12-12 12:01:41,2025-12-12 12:01:41
551,27550,27600,25000,2025-12-12 12:01:41,2025-12-12 12:01:41
552,27600,27650,25000,2025-12-12 12:01:41,2025-12-12 12:01:41
553,27650,27700,25000,2025-12-12 12:01:41,2025-12-12 12:01:41
554,27700,27750,25000,2025-12-12 12:01:41,2025-12-12 12:01:41
555,27750,27800,25000,2025-12-12 12:01:41,2025-12-12 12:01:41
556,27800,27850,25000,2025-12-12 12:01:41,2025-12-12 12:01:41
557,27850,27900,25000,2025-12-12 12:01:41,2025-12-12 12:01:41
558,27900,27950,25000,2025-12-12 12:01:41,2025-12-12 12:01:41
559,27950,28000,25000,2025-12-12 12:01:41,2025-12-12 12:01:41
560,28000,28050,25000,2025-12-12 12:01:41,2025-12-12 12:01:41
561,28050,28100,25000,2025-12-12 12:01:41,2025-12-12 12:01:41
562,28100,28150,25000,2025-12-12 12:01:41,2025-12-12 12:01:41
563,28150,28200,25000,2025-12-12 12:01:41,2025-12-12 12:01:41
564,28200,28250,25000,2025-12-12 12:01:41,2025-12-12 12:01:41
565,28250,28300,25000,2025-12-12 12:01:41,2025-12-12 12:01:41
566,28300,28350,25000,2025-12-12 12:01:41,2025-12-12 12:01:41
567,28350,28400,25000,2025-12-12 12:01:41,2025-12-12 12:01:41
568,28400,28450,25000,2025-12-12 12:01:41,2025-12-12 12:01:41
569,28450,28500,25000,2025-12-12 12:01:41,2025-12-12 12:01:41
570,28500,28550,25000,2025-12-12 12:01:41,2025-12-12 12:01:41
571,28550,28600,25000,2025-12-12 12:01:41,2025-12-12 12:01:41
572,28600,28650,25000,2025-12-12 12:01:41,2025-12-12 12:01:41
573,28650,28700,25000,2025-12-12 12:01:41,2025-12-12 12:01:41
574,28700,28750,25000,2025-12-12 12:01:41,2025-12-12 12:01:41
575,28750,28800,25000,2025-12-12 12:01:41,2025-12-12 12:01:41
576,28800,28850,25000,2025-12-12 12:01:41,2025-12-12 12:01:41
577,28850,28900,25000,2025-12-12 12:01:41,2025-12-12 12:01:41
578,28900,28950,25000,2025-12-12 12:01:41,2025-12-12 12:01:41
579,28950,29000,25000,2025-12-12 12:01:41,2025-12-12 12:01:41
580,29000,29050,25000,2025-12-12 12:01:41,2025-12-12 12:01:41
581,29050,29100,25000,2025-12-12 12:01:41,2025-12-12 12:01:41
582,29100,29150,25000,2025-12-12 12:01:41,2025-12-12 12:01:41
583,29150,29200,25000,2025-12-12 12:01:41,2025-12-12 12:01:41
584,29200,29250,25000,2025-12-12 12:01:41,2025-12-12 12:01:41
585,29250,29300,25000,2025-12-12 12:01:41,2025-12-12 12:01:41
586,29300,29350,25000,2025-12-12 12:01:41,2025-12-12 12:01:41
587,29350,29400,25000,2025-12-12 12:01:41,2025-12-12 12:01:41
588,29400,29450,25000,2025-12-12 12:01:41,2025-12-12 12:01:41
589,29450,29500,25000,2025-12-12 12:01:41,2025-12-12 12:01:41
590,29500,29550,25000,2025-12-12 12:01:41,2025-12-12 12:01:41
591,29550,29600,25000,2025-12-12 12:01:41,2025-12-12 12:01:41
592,29600,29650,25000,2025-12-12 12:01:41,2025-12-12 12:01:41
593,29650,29700,25000,2025-12-12 12:01:41,2025-12-12 12:01:41
594,29700,29750,25000,2025-12-12 12:01:41,2025-12-12 12:01:41
595,29750,29800,25000,2025-12-12 12:01:41,2025-12-12 12:01:41
596,29800,29850,25000,2025-12-12 12:01:41,2025-12-12 12:01:41
597,29850,29900,25000,2025-12-12 12:01:41,2025-12-12 12:01:41
598,29900,29950,25000,2025-12-12 12:01:41,2025-12-12 12:01:41
599,29950,30000,25000,2025-12-12 12:01:41,2025-12-12 12:01:41
600,30000,30050,25000,2025-12-12 12:01:41,2025-12-12 12:01:41
601,30050,30100,23000,2025-12-12 12:01:41,2025-12-12 12:01:41
602,30100,30150,23000,2025-12-12 12:01:41,2025-12-12 12:01:41
603,30150,30200,23000,2025-12-12 12:01:41,2025-12-12 12:01:41
604,30200,30250,23000,2025-12-12 12:01:41,2025-12-12 12:01:41
605,30250,30300,23000,2025-12-12 12:01:41,2025-12-12 12:01:41
606,30300,30350,23000,2025-12-12 12:01:41,2025-12-12 12:01:41
607,30350,30400,23000,2025-12-12 12:01:41,2025-12-12 12:01:41
608,30400,30450,23000,2025-12-12 12:01:41,2025-12-12 12:01:41
609,30450,30500,23000,2025-12-12 12:01:41,2025-12-12 12:01:41
610,30500,30550,23000,2025-12-12 12:01:41,2025-12-12 12:01:41
611,30550,30600,23000,2025-12-12 12:01:41,2025-12-12 12:01:41
612,30600,30650,23000,2025-12-12 12:01:41,2025-12-12 12:01:41
613,30650,30700,23000,2025-12-12 12:01:41,2025-12-12 12:01:41
614,30700,30750,23000,2025-12-12 12:01:41,2025-12-12 12:01:41
